symbol,title,description,snippet,url,source,published_at,entities
AAPL,Prediction: These Stocks Could Deliver Market-Beating Returns Over the Next Decade,"Alphabet, Meta, and Arm could easily outperform the S&P 500.","From 2024 to 2027, analysts expect Alphabet's revenue and EPS to grow at a CAGR of 13% and 16%, respectively. It's still reasonably valued at 26 times next year...",https://finance.yahoo.com/news/prediction-stocks-could-deliver-market-130000156.html,finance.yahoo.com,2025-11-08T13:00:00.000000Z,"Apple Inc., Advanced Micro Devices, Inc., Alphabet Inc., Alphabet Inc., Meta Platforms Inc, NVIDIA Corporation, Netflix, Inc."
AAPL,Black Coffee: Fish Head Soup,"It’s time to sit back, relax and enjoy a little joe … Welcome to another rousing edition of Black Coffee, your off-beat weekly round-up of what’s been going on in the world of money and personal finance. I hope everybody had an enjoyable week. Without further ado, let’s get right to this week’s commentary … […]","It’s time to sit back, relax and enjoy a little joe …

Welcome to another rousing edition of Black Coffee, your off-beat weekly round-up of what’s been go...",https://lenpenzo.com/blog/id89536-black-coffee-8-nov-2025.html,lenpenzo.com,2025-11-08T09:00:23.000000Z,"Apple Inc., Jack in the Box Inc., NVIDIA Corporation, Starbucks Corporation"
AAPL,Market Volatility and Corporate Shifts Dominate Financial News,"U.S. stock markets concluded the week with mixed results, though the tech-heavy Nasdaq Composite saw a notable decline. The index slipped two-tenths of a","Key Takeaways

The Nasdaq Composite experienced its largest weekly percentage drop in approximately seven months, signaling concerns about an ""AI bubble"" and im...",https://stockmarketwatch.com/stock-market-news/market-volatility-and-corporate-shifts-dominate-financial-news/55755/,thestockmarketwatch.com,2025-11-08T05:38:43.000000Z,"NVIDIA CORP, Apple Inc., NVIDIA Corporation, Tesla, Inc."
MSFT,The Nasdaq fall: Index suffers steepest weekly drop since April amid AI stock sell-off and market jitters,The Nasdaq Composite saw its biggest weekly fall since April 2025. Investors worry about artificial intelligence stock valuations causing the drop. Major AI companies like Nvidia and AMD experienced significant declines. This pullback follows a strong rally driven by AI optimism. Broader US markets showed some resilience. Global markets also faced caution. Economic indicators added to market anxiety.,"Live Events



as a Reliable and Trusted News Source Addas a Reliable and Trusted News Source Add Now!

(You can now subscribe to our

(You can now subscribe to...",https://economictimes.indiatimes.com/news/international/us/the-nasdaq-fall-index-suffers-steepest-weekly-drop-since-april-amid-ai-stock-sell-off-and-market-jitters/articleshow/125182629.cms,economictimes.indiatimes.com,2025-11-08T09:52:47.000000Z,"NVIDIA Corporation, Microsoft Corporation, Super Micro Computer, Inc."
MSFT,AI bubble: don’t throw the baby out with the bathwater,Watch individual stocks and sell if they are too aggressively valued,"Tidying my drawers this week, I found some research notes I wrote in the late 1990s. It was my last job in stockbroking — I was an internet stock analyst at a...",https://www.ft.com/content/f8cd239e-287c-4e3c-bfae-8c4acec7ac34,ft.com,2025-11-08T05:00:16.000000Z,"Alphabet Inc., NVIDIA Corporation, Microsoft Corporation, Tesla, Inc., Airbnb, Inc."
MSFT,Nvidia share price fall hints U.S Stocks Bull Market may crash one day. How to safeguard your money during Bear Market days?,"Nvidia shares sell off has triggered fears over possible AI bubble exposure. Chip and other tech-related stocks have been some of the biggest losers this week, while the Nasdaq fell about 3 per cent for the week.","Live Events

FAQs



as a Reliable and Trusted News Source Addas a Reliable and Trusted News Source Add Now!

(You can now subscribe to our

(You can now subscr...",https://economictimes.indiatimes.com/news/international/us/nvidia-share-price-fall-hints-u-s-stocks-bull-market-may-crash-one-day-how-to-safeguard-your-money-during-bear-market-days/articleshow/125178121.cms,economictimes.indiatimes.com,2025-11-08T04:20:30.000000Z,"Apple Inc., NVIDIA Corporation, Microsoft Corporation"
TSLA,"Nvidia CEO Jensen Huang Pushes Back On Elon Musk's Plan To Build Chip Fab, Says What TSMC Does Is 'Extremely Hard' - NVIDIA (NASDAQ:NVDA), Intel (NASDAQ:INTC)",Nvidia CEO Jensen Huang seems to have cautioned Tesla boss Elon Musk against underestimating the complexities of semiconductor manufacturing.,Nvidia Corporation (NASDAQ:NVDA) CEO Jensen Huang seems to have cautioned Tesla Inc. (NASDAQ:TSLA) boss Elon Musk against underestimating the complexities of se...,https://www.benzinga.com/markets/tech/25/11/48738634/nvidia-ceo-jensen-huang-pushes-back-on-elon-musks-plan-to-build-chip-fab-says-what-tsmc-does-is-extr,benzinga.com,2025-11-08T05:49:35.000000Z,"NVIDIA Corporation, Tesla, Inc., NVIDIA Corporation, Intel Corporation, Tesla, Inc., NVIDIA Corporation, TESLA INC, TESLA INC, INTEL CORP, INTEL CORP, NVIDIA Corporation, Tesla, Inc., NVIDIA Corporation, Tesla, Inc."
TSLA,Market Volatility and Corporate Shifts Dominate Financial News,"U.S. stock markets concluded the week with mixed results, though the tech-heavy Nasdaq Composite saw a notable decline. The index slipped two-tenths of a","Key Takeaways

The Nasdaq Composite experienced its largest weekly percentage drop in approximately seven months, signaling concerns about an ""AI bubble"" and im...",https://stockmarketwatch.com/stock-market-news/market-volatility-and-corporate-shifts-dominate-financial-news/55755/,thestockmarketwatch.com,2025-11-08T05:38:43.000000Z,"NVIDIA CORP, Apple Inc., NVIDIA Corporation, Tesla, Inc."
TSLA,AI bubble: don’t throw the baby out with the bathwater,Watch individual stocks and sell if they are too aggressively valued,"Tidying my drawers this week, I found some research notes I wrote in the late 1990s. It was my last job in stockbroking — I was an internet stock analyst at a...",https://www.ft.com/content/f8cd239e-287c-4e3c-bfae-8c4acec7ac34,ft.com,2025-11-08T05:00:16.000000Z,"Alphabet Inc., NVIDIA Corporation, Microsoft Corporation, Tesla, Inc., Airbnb, Inc."
GOOGL,Prediction: These Stocks Could Deliver Market-Beating Returns Over the Next Decade,"Alphabet, Meta, and Arm could easily outperform the S&P 500.","From 2024 to 2027, analysts expect Alphabet's revenue and EPS to grow at a CAGR of 13% and 16%, respectively. It's still reasonably valued at 26 times next year...",https://finance.yahoo.com/news/prediction-stocks-could-deliver-market-130000156.html,finance.yahoo.com,2025-11-08T13:00:00.000000Z,"Apple Inc., Advanced Micro Devices, Inc., Alphabet Inc., Alphabet Inc., Meta Platforms Inc, NVIDIA Corporation, Netflix, Inc."
GOOGL,Tech shares lower as Trump rejects talk of AI bubble,"Tech stocks faced pressure Friday, pulling major indices down. President Donald Trump stated he loves AI and believes it is the future. Despite his comments, shares of Amazon, Alphabet, and Nvidia saw declines. This downturn affected the Nasdaq Composite Index significantly. Equity markets have recently hit resistance after reaching record highs, with concerns about overvaluation growing.","Synopsis

Tech stocks faced pressure Friday, pulling major indices down. President Donald Trump stated he loves AI and believes it is the future. Despite his co...",https://economictimes.indiatimes.com/tech/technology/tech-shares-lower-as-trump-rejects-talk-of-ai-bubble/articleshow/125183127.cms,economictimes.indiatimes.com,2025-11-08T10:24:25.000000Z,"Alphabet Inc., NVIDIA Corporation"
GOOGL,AI bubble: don’t throw the baby out with the bathwater,Watch individual stocks and sell if they are too aggressively valued,"Tidying my drawers this week, I found some research notes I wrote in the late 1990s. It was my last job in stockbroking — I was an internet stock analyst at a...",https://www.ft.com/content/f8cd239e-287c-4e3c-bfae-8c4acec7ac34,ft.com,2025-11-08T05:00:16.000000Z,"Alphabet Inc., NVIDIA Corporation, Microsoft Corporation, Tesla, Inc., Airbnb, Inc."
